value,value_fix,S1,ref_S,time
47337.46131,37441.45492,0,62,97.35950184
47337.46131,38641.24175,1,62,99.07048225
47337.46131,38641.24175,2,62,99.07048225
47337.46131,37441.45492,3,62,96.84112501
47337.46131,37441.45492,4,62,96.84112501
47337.46131,37441.45492,5,62,96.84112501
47337.46131,37441.45492,6,62,96.84112501
47337.46131,38641.24175,7,62,97.51670122
47337.46131,38641.24175,8,62,97.51670122
47069.4344,38641.24175,9,62,97.51670122
47069.4344,37441.45492,10,62,96.9109199
47069.4344,37441.45492,11,62,96.9109199
47069.4344,37441.45492,12,62,96.9109199
47069.4344,37441.45492,13,62,96.9109199
47069.4344,38641.24175,14,62,99.32991409
47069.4344,37441.45492,15,62,98.18373227
47069.4344,37441.45492,16,62,98.18373227
47069.4344,38641.24175,17,62,97.25402975
47068.00872,38641.24175,18,62,97.25402975
47068.00872,38641.24175,19,62,97.25402975
47068.00872,38641.24175,20,62,97.25402975
47068.00872,37441.4632,21,62,97.93760014
47068.00872,37441.4632,22,62,97.93760014
47068.00872,37441.4632,23,62,97.93760014
47068.00872,38641.23891,24,62,95.94108582
47068.00872,38641.23891,25,62,95.94108582
47068.00872,37441.4632,26,62,99.58956099
47337.46131,38641.24175,27,62,97.79964685
47337.46131,37441.45492,28,62,96.35987067
47337.46131,37441.45492,29,62,96.35987067
47337.46131,38641.24175,30,62,96.16090298
47337.46131,37441.45492,31,62,96.89531875
47337.46131,38641.24175,32,62,96.46931291
47337.46131,38641.24175,33,62,96.46931291
47337.46131,37441.45492,34,62,96.16380501
47337.46131,37441.45492,35,62,96.16380501
47069.4344,38641.24175,36,62,97.7906456
47069.4344,37441.45492,37,62,98.10602713
47069.4344,38641.23891,38,62,102.1757386
47069.4344,37441.4632,39,62,101.8006585
47069.4344,37441.4632,40,62,101.8006585
47069.4344,37441.4632,41,62,101.8006585
47069.4344,37441.4632,42,62,101.8006585
47069.4344,37441.4632,43,62,101.8006585
47069.4344,37441.4632,44,62,101.8006585
47068.00872,37441.4632,45,62,101.8006585
47068.00872,37441.4632,46,62,101.8006585
47068.00872,38641.24175,47,62,97.24076939
47068.00872,37441.45492,48,62,98.55530334
47068.00872,37441.45492,49,62,98.55530334
47068.00872,37441.45492,50,62,98.55530334
47068.00872,37441.45492,51,62,98.55530334
47068.00872,37441.45492,52,62,98.55530334
47068.00872,37441.45492,53,62,98.55530334
47337.46131,38641.24175,54,62,100.2903755
47337.46131,37441.45492,55,62,96.5196712
47337.46131,37441.45492,56,62,96.5196712
47337.46131,38641.24175,57,62,98.82029414
47337.46131,37441.45492,58,62,101.8294683
47337.46131,37441.45492,59,62,101.8294683
47337.46131,37441.45492,60,62,101.8294683
47337.46131,38641.24175,61,62,99.73993278
47069.43439,40085.7127,63,62,96.12564349
47069.4344,38641.24175,64,62,98.10956645
47069.43439,40085.7127,65,62,106.743469
47069.43439,37441.45492,66,62,99.88729763
47069.43439,40085.72094,67,62,96.73663354
47069.43439,40085.72094,68,62,96.73663354
47069.4344,37441.45492,69,62,96.7656796
47069.4344,38641.24175,70,62,97.83509588
47069.43439,40085.7127,71,62,97.96926928
47068.00872,38641.24175,72,62,98.27106023
47068.00871,40085.72094,73,62,98.74490833
47068.00871,40085.72094,74,62,98.74490833
47068.00871,38651.98279,75,62,98.60017586
47068.00871,40085.72094,76,62,99.05517292
47068.00871,40085.72094,77,62,99.05517292
47068.00871,38651.98279,78,62,99.1995225
47068.00871,40085.72094,79,62,97.62733626
47068.00871,40085.72094,80,62,97.62733626
47264.959,37441.4632,81,62,98.36143732
47264.959,37441.4632,82,62,98.36143732
47264.959,37441.4632,83,62,98.36143732
47264.959,37441.4632,84,62,98.36143732
47264.959,38641.23891,85,62,98.37003756
47264.959,38641.23891,86,62,98.37003756
47264.959,37441.4632,87,62,99.60928559
47264.959,37441.4632,88,62,99.60928559
47264.959,37441.4632,89,62,99.60928559
46996.93209,37441.4632,90,62,99.60928559
46996.93209,37441.4632,91,62,99.60928559
46996.93209,37441.4632,92,62,99.60928559
46996.93209,37441.4632,93,62,99.60928559
46996.93209,37441.4632,94,62,99.60928559
46996.93209,37441.4632,95,62,99.60928559
46996.93209,37441.4632,96,62,99.60928559
46996.93209,37441.4632,97,62,99.60928559
46996.93209,37441.4632,98,62,99.60928559
46995.50642,37441.4632,99,62,99.60928559
46995.50642,37441.4632,100,62,99.60928559
46995.50642,37441.4632,101,62,99.60928559
46995.50642,37441.4632,102,62,99.60928559
46995.50642,37441.4632,103,62,99.60928559
46995.50642,37441.4632,104,62,99.60928559
46995.50642,37441.4632,105,62,99.60928559
46995.50642,37441.4632,106,62,99.60928559
46995.50642,37441.4632,107,62,99.60928559
47264.959,37441.4632,108,62,99.60928559
47264.959,37441.4632,109,62,99.60928559
47264.959,37441.4632,110,62,99.60928559
47264.959,37441.4632,111,62,99.60928559
47264.959,37441.4632,112,62,99.60928559
47264.959,38641.23891,113,62,98.89967299
47264.959,37441.4632,114,62,98.18884158
47264.959,37441.4632,115,62,98.18884158
47264.959,38641.23891,116,62,100.1618948
46996.93209,37441.45492,117,62,100.1597145
46996.93209,37441.45492,118,62,100.1597145
46996.93209,37441.45492,119,62,100.1597145
46996.93209,37441.45492,120,62,100.1597145
46996.93209,37441.45492,121,62,100.1597145
46996.93209,37441.45492,122,62,100.1597145
46996.93209,37441.45492,123,62,100.1597145
46996.93209,37441.45492,124,62,100.1597145
46996.93209,37441.45492,125,62,100.1597145
46995.50642,37441.45492,126,62,100.1597145
46995.50642,37441.45492,127,62,100.1597145
46995.50642,37441.45492,128,62,100.1597145
46995.50642,37441.45492,129,62,100.1597145
46995.50642,37441.45492,130,62,100.1597145
46995.50642,37441.45492,131,62,100.1597145
46995.50642,37441.45492,132,62,100.1597145
46995.50642,37441.45492,133,62,100.1597145
46995.50642,37441.45492,134,62,100.1597145
47264.959,37441.45492,135,62,100.1597145
47264.959,37441.45492,136,62,100.1597145
47264.959,37441.45492,137,62,100.1597145
47264.959,37441.45492,138,62,100.1597145
47264.959,37441.45492,139,62,100.1597145
47264.959,38641.23891,140,62,97.11100483
47264.959,37441.4632,141,62,97.53500724
47264.959,37441.4632,142,62,97.53500724
47264.959,38641.23891,143,62,100.9731894
46996.93209,37441.45492,144,62,100.2396748
46996.93209,37441.45492,145,62,100.2396748
46996.93209,37441.45492,146,62,100.2396748
46996.93209,37441.45492,147,62,100.2396748
46996.93209,37441.45492,148,62,100.2396748
46996.93209,37441.45492,149,62,100.2396748
46996.93209,37441.45492,150,62,100.2396748
46996.93209,37441.45492,151,62,100.2396748
46996.93209,37441.45492,152,62,100.2396748
46995.50642,37441.45492,153,62,100.2396748
46995.50642,37441.45492,154,62,100.2396748
46995.50642,37441.45492,155,62,100.2396748
46995.50642,37441.45492,156,62,100.2396748
46995.50642,37441.45492,157,62,100.2396748
46995.50642,37441.45492,158,62,100.2396748
46995.50642,37441.45492,159,62,100.2396748
46995.50642,37441.45492,160,62,100.2396748
46995.50642,37441.45492,161,62,100.2396748
47262.05522,37441.45492,162,62,100.2396748
47262.05522,38641.23891,163,62,100.7300949
47262.05522,38641.23891,164,62,100.7300949
47262.05522,37441.4632,165,62,100.5450115
47262.05522,38641.23891,166,62,99.21494794
47262.05522,38641.23891,167,62,99.21494794
47262.05522,37441.4632,168,62,99.16994691
47262.05522,38641.23891,169,62,98.3297236
47262.05522,38641.23891,170,62,98.3297236
46994.02831,37441.45492,171,62,99.67094469
46994.02831,37441.45492,172,62,99.67094469
46994.02831,37441.45492,173,62,99.67094469
46994.02831,37441.45492,174,62,99.67094469
46994.02831,37441.45492,175,62,99.67094469
46994.02831,37441.45492,176,62,99.67094469
46994.02831,37441.45492,177,62,99.67094469
46994.02831,37441.45492,178,62,99.67094469
46994.02831,37441.45492,179,62,99.67094469
46992.60264,37441.45492,180,62,99.67094469
46992.60264,37441.45492,181,62,99.67094469
46992.60264,37441.45492,182,62,99.67094469
46992.60264,37441.45492,183,62,99.67094469
46992.60264,37441.45492,184,62,99.67094469
46992.60264,37441.45492,185,62,99.67094469
46992.60264,37441.45492,186,62,99.67094469
46992.60264,37441.45492,187,62,99.67094469
46992.60264,37441.45492,188,62,99.67094469
47262.05522,37441.45492,189,62,99.67094469
47262.05522,37441.45492,190,62,99.67094469
47262.05522,37441.45492,191,62,99.67094469
47262.05522,37441.45492,192,62,99.67094469
47262.05522,37441.45492,193,62,99.67094469
47262.05522,38641.23891,194,62,100.4316568
47262.05522,37441.4632,195,62,102.2395048
47262.05522,37441.4632,196,62,102.2395048
47262.05522,38641.23891,197,62,100.4846334
46994.02831,37441.45492,198,62,100.2108064
46994.02831,37441.45492,199,62,100.2108064
46994.02831,37441.45492,200,62,100.2108064
46994.02831,37441.45492,201,62,100.2108064
46994.02831,37441.45492,202,62,100.2108064
46994.02831,37441.45492,203,62,100.2108064
46994.02831,37441.45492,204,62,100.2108064
46994.02831,37441.45492,205,62,100.2108064
46994.02831,37441.45492,206,62,100.2108064
46992.60264,37441.45492,207,62,100.2108064
46992.60264,37441.45492,208,62,100.2108064
46992.60264,37441.45492,209,62,100.2108064
46992.60264,37441.45492,210,62,100.2108064
46992.60264,37441.45492,211,62,100.2108064
46992.60264,37441.45492,212,62,100.2108064
46992.60264,37441.45492,213,62,100.2108064
46992.60264,37441.45492,214,62,100.2108064
46992.60264,37441.45492,215,62,100.2108064
47262.05522,37441.45492,216,62,100.2108064
47262.05522,37441.45492,217,62,100.2108064
47262.05522,37441.45492,218,62,100.2108064
47262.05522,37441.45492,219,62,100.2108064
47262.05522,37441.45492,220,62,100.2108064
47262.05522,37441.45492,221,62,100.2108064
47262.05522,37441.45492,222,62,100.2108064
47262.05522,37441.45492,223,62,100.2108064
47262.05522,37441.45492,224,62,100.2108064
46994.02831,37441.45492,225,62,100.2108064
46994.02831,37441.45492,226,62,100.2108064
46994.02831,37441.45492,227,62,100.2108064
46994.02831,37441.45492,228,62,100.2108064
46994.02831,37441.45492,229,62,100.2108064
46994.02831,37441.45492,230,62,100.2108064
46994.02831,37441.45492,231,62,100.2108064
46994.02831,37441.45492,232,62,100.2108064
46994.02831,37441.45492,233,62,100.2108064
46992.60264,37441.45492,234,62,100.2108064
46992.60264,37441.45492,235,62,100.2108064
46992.60264,37441.45492,236,62,100.2108064
46992.60264,37441.45492,237,62,100.2108064
46992.60264,37441.45492,238,62,100.2108064
46992.60264,37441.45492,239,62,100.2108064
46992.60264,37441.45492,240,62,100.2108064
46992.60264,37441.45492,241,62,100.2108064
46992.60264,37441.45492,242,62,100.2108064
46825.00222,37441.45492,243,62,100.2108064
46825.00222,37441.45492,244,62,100.2108064
46825.00222,37441.45492,245,62,100.2108064
46825.00222,37441.45492,246,62,100.2108064
46825.00222,37441.45492,247,62,100.2108064
46825.00222,37441.45492,248,62,100.2108064
46825.00222,37441.45492,249,62,100.2108064
46825.00222,37441.45492,250,62,100.2108064
46825.00222,37441.45492,251,62,100.2108064
46825.00222,37441.45492,252,62,100.2108064
46825.00222,37441.45492,253,62,100.2108064
46825.00222,37441.45492,254,62,100.2108064
46825.00222,37441.45492,255,62,100.2108064
46825.00222,37441.45492,256,62,100.2108064
46825.00222,37441.45492,257,62,100.2108064
46825.00222,37441.45492,258,62,100.2108064
46825.00222,37441.45492,259,62,100.2108064
46825.00222,37441.45492,260,62,100.2108064
46825.00222,37441.45492,261,62,100.2108064
46825.00222,37441.45492,262,62,100.2108064
46825.00222,37441.45492,263,62,100.2108064
46825.00222,37441.45492,264,62,100.2108064
46825.00222,37441.45492,265,62,100.2108064
46825.00222,37441.45492,266,62,100.2108064
46825.00222,37441.45492,267,62,100.2108064
46825.00222,37441.45492,268,62,100.2108064
46825.00222,37441.45492,269,62,100.2108064
46819.44046,37441.45492,270,62,100.2108064
46819.44046,37441.45492,271,62,100.2108064
46819.44046,37441.45492,272,62,100.2108064
46819.44046,37441.45492,273,62,100.2108064
46819.44046,37441.45492,274,62,100.2108064
46819.44046,37441.45492,275,62,100.2108064
46819.44046,37441.45492,276,62,100.2108064
46819.44046,37441.45492,277,62,100.2108064
46819.44046,37441.45492,278,62,100.2108064
46819.44046,37441.45492,279,62,100.2108064
46819.44046,37441.45492,280,62,100.2108064
46819.44046,37441.45492,281,62,100.2108064
46819.44046,37441.45492,282,62,100.2108064
46819.44046,37441.45492,283,62,100.2108064
46819.44046,37441.45492,284,62,100.2108064
46819.44046,37441.45492,285,62,100.2108064
46819.44046,37441.45492,286,62,100.2108064
46819.44046,37441.45492,287,62,100.2108064
46819.44046,37441.45492,288,62,100.2108064
46819.44046,37441.45492,289,62,100.2108064
46819.44046,37441.45492,290,62,100.2108064
46819.44046,37441.45492,291,62,100.2108064
46819.44046,37441.45492,292,62,100.2108064
46819.44046,37441.45492,293,62,100.2108064
46819.44046,37441.45492,294,62,100.2108064
46819.44046,37441.45492,295,62,100.2108064
46819.44046,37441.45492,296,62,100.2108064
46818.96057,37441.45492,297,62,100.2108064
46818.96057,37441.45492,298,62,100.2108064
46818.96057,37441.45492,299,62,100.2108064
46818.96057,37441.45492,300,62,100.2108064
46818.96057,37441.45492,301,62,100.2108064
46818.96057,37441.45492,302,62,100.2108064
46818.96057,37441.45492,303,62,100.2108064
46818.96057,37441.45492,304,62,100.2108064
46818.96057,37441.45492,305,62,100.2108064
46818.96057,37441.45492,306,62,100.2108064
46818.96057,37441.45492,307,62,100.2108064
46818.96057,37441.45492,308,62,100.2108064
46818.96057,37441.45492,309,62,100.2108064
46818.96057,37441.45492,310,62,100.2108064
46818.96057,37441.45492,311,62,100.2108064
46818.96057,37441.45492,312,62,100.2108064
46818.96057,37441.45492,313,62,100.2108064
46818.96057,37441.45492,314,62,100.2108064
46818.96057,37441.45492,315,62,100.2108064
46818.96057,37441.45492,316,62,100.2108064
46818.96057,37441.45492,317,62,100.2108064
46818.96057,37441.45492,318,62,100.2108064
46818.96057,37441.45492,319,62,100.2108064
46818.96057,37441.45492,320,62,100.2108064
46818.96057,37441.45492,321,62,100.2108064
46818.96057,37441.45492,322,62,100.2108064
46818.96057,37441.45492,323,62,100.2108064
46466.43948,40506.70493,324,62,107.7990186
46466.43948,40506.70493,325,62,107.7990186
46464.17182,40506.70493,326,62,107.7990186
46466.43948,40506.70493,327,62,107.7990186
46466.43948,40506.70493,328,62,107.7990186
46464.14872,40506.70493,329,62,107.7990186
46466.43948,40506.70493,330,62,107.7990186
46466.43948,40506.70493,331,62,107.7990186
46464.14872,40506.70493,332,62,107.7990186
46424.88941,40506.70493,333,62,107.7990186
46424.16339,40506.70493,334,62,107.7990186
46417.32602,38775.63445,335,62,99.32266974
46424.76879,38775.63445,336,62,99.32266974
46424.16965,38775.63445,337,62,99.32266974
46417.32602,38775.63445,338,62,99.32266974
46424.76879,38775.63445,339,62,99.32266974
46424.16339,40506.70493,340,62,99.41902924
46417.32602,38775.63445,341,62,99.81557274
46423.49999,38775.63445,342,62,99.81557274
46422.74398,38775.63445,343,62,99.81557274
46415.90034,38775.63445,344,62,99.81557274
46423.49999,38775.63445,345,62,99.81557274
46422.74398,38775.63445,346,62,99.81557274
46415.90034,38775.63445,347,62,99.81557274
46423.49999,38775.63445,348,62,99.81557274
46422.60141,38775.63445,349,62,99.81557274
46415.90034,38775.63445,350,62,99.81557274
44845.03969,44707.312,351,62,98.37491941
44845.03969,44707.312,352,62,98.37491941
44845.03971,44707.312,353,62,98.37491941
44845.03971,44707.312,354,62,98.37491941
44845.03971,44707.312,355,62,98.37491941
44845.03969,44707.312,356,62,98.37491941
44845.03971,44707.312,357,62,98.37491941
44845.03971,44707.312,358,62,98.37491941
44845.03969,44707.312,359,62,98.37491941
44739.26981,45110.67326,360,62,97.34040666
44739.26981,45110.67326,361,62,97.34040666
44739.26981,45110.67326,362,62,97.34040666
44739.12632,45110.67326,363,62,97.34040666
44739.12631,45110.67326,364,62,97.34040666
44739.12632,45110.67326,365,62,97.34040666
44739.26981,45110.67326,366,62,97.34040666
44739.26981,45110.67326,367,62,97.34040666
44739.26981,45110.67326,368,62,97.34040666
44737.83481,45110.67326,369,62,97.34040666
44737.83479,45110.67326,370,62,97.34040666
44737.83481,45110.67326,371,62,97.34040666
44737.69131,45110.67326,372,62,97.34040666
44737.69129,45110.67326,373,62,97.34040666
44737.69131,45110.67326,374,62,97.34040666
44737.83481,45110.67326,375,62,97.34040666
44737.83479,45110.67326,376,62,97.34040666
44737.83481,45110.67326,377,62,97.34040666
44784.08774,44719.79272,378,62,99.30902982
44784.08774,44719.79272,379,62,99.30902982
44784.08774,44719.79272,380,62,99.30902982
44784.08774,44719.79272,381,62,99.30902982
44784.08774,44719.79272,382,62,99.30902982
44784.08774,44719.79272,383,62,99.30902982
44784.08774,44719.79272,384,62,99.30902982
44784.08774,44719.79272,385,62,99.30902982
44784.08774,44719.79272,386,62,99.30902982
44676.0493,45152.68644,387,62,98.33883953
44676.0493,45152.68644,388,62,98.33883953
44676.0493,45152.68644,389,62,98.33883953
44676.0493,45152.68644,390,62,98.33883953
44676.0493,45152.68644,391,62,98.33883953
44676.0493,45152.68644,392,62,98.33883953
44676.0493,45152.68644,393,62,98.33883953
44676.0493,45152.68644,394,62,98.33883953
44676.0493,45152.68644,395,62,98.33883953
44674.61427,45152.68644,396,62,98.33883953
44674.61427,45152.68644,397,62,98.33883953
44674.61427,45152.68644,398,62,98.33883953
44674.47079,45152.68644,399,62,98.33883953
44674.47079,45152.68644,400,62,98.33883953
44674.47079,45152.68644,401,62,98.33883953
44674.61427,45152.68644,402,62,98.33883953
44674.61427,45152.68644,403,62,98.33883953
44674.61427,45152.68644,404,62,98.33883953
46463.213,40506.70493,405,62,97.75591278
46463.213,40506.70493,406,62,97.75591278
46460.76959,40506.70493,407,62,97.75591278
46463.213,40506.70493,408,62,97.75591278
46463.213,40506.70493,409,62,97.75591278
46460.7927,40506.70493,410,62,97.75591278
46463.20728,40506.70493,411,62,97.75591278
46463.213,40506.70493,412,62,97.75591278
46460.76959,40506.70493,413,62,97.75591278
46421.66293,40506.70493,414,62,97.75591278
46420.78426,40506.70493,415,62,97.75591278
46413.94689,38775.63445,416,62,97.7827251
46421.54231,38775.63445,417,62,97.7827251
46420.78426,40506.70493,418,62,97.07302856
46413.94689,38775.63445,419,62,97.20288897
46421.54231,38775.63445,420,62,97.20288897
46420.78426,40506.70493,421,62,98.22313023
46413.94689,38775.63445,422,62,97.63152575
46420.27351,38775.63445,423,62,97.63152575
46419.35858,40506.70493,424,62,97.34967399
46412.52122,38722.7728,425,62,97.95247245
46420.27351,38722.7728,426,62,97.95247245
46419.35858,40506.70493,427,62,98.61831355
46412.52122,38722.7728,428,62,102.0047872
46420.27351,38722.7728,429,62,102.0047872
46419.22228,38722.7728,430,62,102.0047872
46412.52122,38722.7728,431,62,102.0047872
44781.18394,44719.79272,432,62,100.9780056
44781.18394,44719.79272,433,62,100.9780056
44781.18394,44719.79272,434,62,100.9780056
44781.18396,44719.79272,435,62,100.9780056
44781.18396,44719.79272,436,62,100.9780056
44781.18394,44719.79272,437,62,100.9780056
44781.18396,44719.79272,438,62,100.9780056
44781.18396,44719.79272,439,62,100.9780056
44781.18394,44719.79272,440,62,100.9780056
44673.1455,45152.68644,441,62,98.14743686
44673.1455,45152.68644,442,62,98.14743686
44673.1455,45152.68644,443,62,98.14743686
44673.14552,45152.68644,444,62,98.14743686
44673.1455,45152.68644,445,62,98.14743686
44673.14552,45152.68644,446,62,98.14743686
44673.1455,45152.68644,447,62,98.14743686
44673.1455,45152.68644,448,62,98.14743686
44673.1455,45152.68644,449,62,98.14743686
44671.71051,45152.68644,450,62,98.14743686
44671.71049,45152.68644,451,62,98.14743686
44671.71051,45152.68644,452,62,98.14743686
44671.71051,45152.68644,453,62,98.14743686
44671.71049,45152.68644,454,62,98.14743686
44671.71051,45152.68644,455,62,98.14743686
44671.71051,45152.68644,456,62,98.14743686
44671.71049,45152.68644,457,62,98.14743686
44671.71051,45152.68644,458,62,98.14743686
44720.23197,44684.61695,459,62,99.80459356
44720.23197,44684.61695,460,62,99.80459356
44720.23197,44684.61695,461,62,99.80459356
44720.23198,44684.61695,462,62,99.80459356
44720.23198,44684.61695,463,62,99.80459356
44720.23198,44684.61695,464,62,99.80459356
44720.23198,44684.61695,465,62,99.80459356
44720.23198,44684.61695,466,62,99.80459356
44720.23198,44684.61695,467,62,99.80459356
44609.92499,45168.06697,468,62,99.95504665
44609.92499,45168.06697,469,62,99.95504665
44609.92499,45168.06697,470,62,99.95504665
44609.92499,45168.06697,471,62,99.95504665
44609.92498,45168.06697,472,62,99.95504665
44609.92499,45168.06697,473,62,99.95504665
44609.92499,45168.06697,474,62,99.95504665
44609.92499,45168.06697,475,62,99.95504665
44609.92499,45168.06697,476,62,99.95504665
44608.48998,45168.06697,477,62,99.95504665
44608.48998,45168.06697,478,62,99.95504665
44608.48998,45168.06697,479,62,99.95504665
44608.48998,45168.06697,480,62,99.95504665
44608.48998,45168.06697,481,62,99.95504665
44608.48998,45168.06697,482,62,99.95504665
44608.48998,45168.06697,483,62,99.95504665
44608.48998,45168.06697,484,62,99.95504665
44608.48998,45168.06697,485,62,99.95504665
46822.05994,37441.45492,486,62,98.92980456
46822.05994,37441.45492,487,62,98.92980456
46822.05994,37441.45492,488,62,98.92980456
46822.05994,37441.45492,489,62,98.92980456
46822.05994,37441.45492,490,62,98.92980456
46822.05994,37441.45492,491,62,98.92980456
46822.05994,37441.45492,492,62,98.92980456
46822.05994,37441.45492,493,62,98.92980456
46822.05994,37441.45492,494,62,98.92980456
46822.05994,37441.45492,495,62,98.92980456
46822.05994,37441.45492,496,62,98.92980456
46822.05994,37441.45492,497,62,98.92980456
46822.05994,37441.45492,498,62,98.92980456
46822.05994,37441.45492,499,62,98.92980456
46822.05994,37441.45492,500,62,98.92980456
46822.05994,37441.45492,501,62,98.92980456
46822.05994,37441.45492,502,62,98.92980456
46822.05994,37441.45492,503,62,98.92980456
46822.05994,37441.45492,504,62,98.92980456
46822.05994,37441.45492,505,62,98.92980456
46822.05994,37441.45492,506,62,98.92980456
46822.05994,37441.45492,507,62,98.92980456
46822.05994,37441.45492,508,62,98.92980456
46822.05994,37441.45492,509,62,98.92980456
46822.05994,37441.45492,510,62,98.92980456
46822.05994,37441.45492,511,62,98.92980456
46822.05994,37441.45492,512,62,98.92980456
46816.01193,37441.45492,513,62,98.92980456
46816.01193,37441.45492,514,62,98.92980456
46816.01193,37441.45492,515,62,98.92980456
46816.01193,37441.45492,516,62,98.92980456
46816.01193,37441.45492,517,62,98.92980456
46816.01193,37441.45492,518,62,98.92980456
46816.01193,37441.45492,519,62,98.92980456
46816.01193,37441.45492,520,62,98.92980456
46816.01193,37441.45492,521,62,98.92980456
46816.01193,37441.45492,522,62,98.92980456
46816.01193,37441.45492,523,62,98.92980456
46816.01193,37441.45492,524,62,98.92980456
46816.01193,37441.45492,525,62,98.92980456
46816.01193,37441.45492,526,62,98.92980456
46816.01193,37441.45492,527,62,98.92980456
46816.01193,37441.45492,528,62,98.92980456
46816.01193,37441.45492,529,62,98.92980456
46816.01193,37441.45492,530,62,98.92980456
46816.01193,37441.45492,531,62,98.92980456
46816.01193,37441.45492,532,62,98.92980456
46816.01193,37441.45492,533,62,98.92980456
46816.01193,37441.45492,534,62,98.92980456
46816.01193,37441.45492,535,62,98.92980456
46816.01193,37441.45492,536,62,98.92980456
46816.01193,37441.45492,537,62,98.92980456
46816.01193,37441.45492,538,62,98.92980456
46816.01193,37441.45492,539,62,98.92980456
46815.53204,37441.45492,540,62,98.92980456
46815.53204,37441.45492,541,62,98.92980456
46815.53204,37441.45492,542,62,98.92980456
46815.53204,37441.45492,543,62,98.92980456
46815.53204,37441.45492,544,62,98.92980456
46815.53204,37441.45492,545,62,98.92980456
46815.53204,37441.45492,546,62,98.92980456
46815.53204,37441.45492,547,62,98.92980456
46815.53204,37441.45492,548,62,98.92980456
46815.53204,37441.45492,549,62,98.92980456
46815.53204,37441.45492,550,62,98.92980456
46815.53204,37441.45492,551,62,98.92980456
46815.53204,37441.45492,552,62,98.92980456
46815.53204,37441.45492,553,62,98.92980456
46815.53204,37441.45492,554,62,98.92980456
46815.53204,37441.45492,555,62,98.92980456
46815.53204,37441.45492,556,62,98.92980456
46815.53204,37441.45492,557,62,98.92980456
46815.53204,37441.45492,558,62,98.92980456
46815.53204,37441.45492,559,62,98.92980456
46815.53204,37441.45492,560,62,98.92980456
46815.53204,37441.45492,561,62,98.92980456
46815.53204,37441.45492,562,62,98.92980456
46815.53204,37441.45492,563,62,98.92980456
46815.53204,37441.45492,564,62,98.92980456
46815.53204,37441.45492,565,62,98.92980456
46815.53204,37441.45492,566,62,98.92980456
46460.60289,40506.70493,567,62,101.9827158
46460.60289,40506.70493,568,62,101.9827158
46457.83677,40506.70493,569,62,101.9827158
46460.60289,40506.70493,570,62,101.9827158
46460.60289,40506.70493,571,62,101.9827158
46457.83677,40506.70493,572,62,101.9827158
46460.60289,40506.70493,573,62,101.9827158
46460.60289,40506.70493,574,62,101.9827158
46457.83677,40506.70493,575,62,101.9827158
46421.54231,38884.18446,576,62,98.37501478
46420.64796,38884.18446,577,62,98.37501478
46413.94689,38884.18446,578,62,98.37501478
46421.66919,38884.18446,579,62,98.37501478
46420.79053,38884.18446,580,62,98.37501478
46414.08946,40085.7127,581,62,98.09095407
46421.54231,38884.18446,582,62,98.62929916
46420.64796,38884.18446,583,62,98.62929916
46413.94689,38884.18446,584,62,98.62929916
46420.27351,38884.18446,585,62,98.62929916
46419.22228,38884.18446,586,62,98.62929916
46412.52122,38884.18446,587,62,98.62929916
46420.40039,38884.18446,588,62,98.62929916
46419.36485,39184.68974,589,62,97.76522708
46412.66379,40085.7127,590,62,98.09580445
46420.27351,38831.43253,591,62,98.89920878
46419.22228,38831.43253,592,62,98.89920878
46412.52122,38831.43253,593,62,98.89920878
44778.25112,44719.79272,594,62,99.54723191
44778.25114,44719.79272,595,62,99.54723191
44778.25114,44719.79272,596,62,99.54723191
44778.25114,44719.79272,597,62,99.54723191
44778.25114,44719.79272,598,62,99.54723191
44778.25114,44719.79272,599,62,99.54723191
44778.25112,44719.79272,600,62,99.54723191
44778.25114,44719.79272,601,62,99.54723191
44778.25114,44719.79272,602,62,99.54723191
44673.14552,45152.68644,603,62,98.61941385
44673.14552,45152.68644,604,62,98.61941385
44673.14552,45152.68644,605,62,98.61941385
44673.14552,45152.68644,606,62,98.61941385
44673.14552,45152.68644,607,62,98.61941385
44673.14552,45152.68644,608,62,98.61941385
44673.14552,45152.68644,609,62,98.61941385
44673.14552,45152.68644,610,62,98.61941385
44673.14552,45152.68644,611,62,98.61941385
44671.71051,45152.68644,612,62,98.61941385
44671.71051,45152.68644,613,62,98.61941385
44671.71051,45152.68644,614,62,98.61941385
44671.71051,45152.68644,615,62,98.61941385
44671.71051,45152.68644,616,62,98.61941385
44671.71051,45152.68644,617,62,98.61941385
44671.71051,45152.68644,618,62,98.61941385
44671.71051,45152.68644,619,62,98.61941385
44671.71051,45152.68644,620,62,98.61941385
44717.29915,44684.61695,621,62,101.9778743
44717.29916,44684.61695,622,62,101.9778743
44717.29916,44684.61695,623,62,101.9778743
44717.29916,44684.61695,624,62,101.9778743
44717.29916,44684.61695,625,62,101.9778743
44717.29916,44684.61695,626,62,101.9778743
44717.29915,44684.61695,627,62,101.9778743
44717.29916,44684.61695,628,62,101.9778743
44717.29916,44684.61695,629,62,101.9778743
44609.92499,45168.06697,630,62,97.60767293
44609.92499,45168.06697,631,62,97.60767293
44609.92499,45168.06697,632,62,97.60767293
44609.92499,45168.06697,633,62,97.60767293
44609.92499,45168.06697,634,62,97.60767293
44609.92499,45168.06697,635,62,97.60767293
44609.92499,45168.06697,636,62,97.60767293
44609.92499,45168.06697,637,62,97.60767293
44609.92499,45168.06697,638,62,97.60767293
44608.34648,45168.06697,639,62,97.60767293
44608.34648,45168.06697,640,62,97.60767293
44608.34648,45168.06697,641,62,97.60767293
44608.48998,45168.06697,642,62,97.60767293
44608.48998,45168.06697,643,62,97.60767293
44608.48998,45168.06697,644,62,97.60767293
44608.34648,45168.06697,645,62,97.60767293
44608.34648,45168.06697,646,62,97.60767293
44608.34648,45168.06697,647,62,97.60767293
46457.37641,40506.70493,648,62,98.91253734
46457.37641,40506.70493,649,62,98.91253734
46454.45765,40506.70493,650,62,98.91253734
46457.37641,40506.70493,651,62,98.91253734
46457.37641,40506.70493,652,62,98.91253734
46454.45765,40506.70493,653,62,98.91253734
46457.37641,40506.70493,654,62,98.91253734
46457.37641,40506.70493,655,62,98.91253734
46454.45765,40506.70493,656,62,98.91253734
46418.31583,38884.18446,657,62,98.49036765
46417.26883,38884.18446,658,62,98.49036765
46410.56777,38884.18446,659,62,98.49036765
46418.44271,38884.18446,660,62,98.49036765
46417.4114,39235.98014,661,62,99.5717299
46410.71034,40085.7127,662,62,98.71810174
46418.31583,38884.18446,663,62,99.47508025
46417.26883,38884.18446,664,62,99.47508025
46410.56777,38884.18446,665,62,99.47508025
46417.17391,38884.18446,666,62,99.47508025
46415.98573,39235.98014,667,62,99.38741946
46409.28466,40085.7127,668,62,98.73650193
46417.17391,38836.70995,669,62,99.45602226
46415.98573,39235.98014,670,62,98.82265115
46409.28466,40085.7127,671,62,98.87337708
46417.17391,38836.70995,672,62,98.86441612
46415.98573,39235.98014,673,62,99.96197557
46409.28466,40085.7127,674,62,98.76155138
44714.39537,44684.61695,675,62,102.5139556
44714.39539,44684.61695,676,62,102.5139556
44714.39539,44684.61695,677,62,102.5139556
44714.39539,44684.61695,678,62,102.5139556
44714.39539,44684.61695,679,62,102.5139556
44714.39539,44684.61695,680,62,102.5139556
44714.39537,44684.61695,681,62,102.5139556
44714.39539,44684.61695,682,62,102.5139556
44714.39539,44684.61695,683,62,102.5139556
44606.87771,45168.06697,684,62,101.7235012
44606.87771,45168.06697,685,62,101.7235012
44606.87771,45168.06697,686,62,101.7235012
44607.02121,45168.06697,687,62,101.7235012
44607.02121,45168.06697,688,62,101.7235012
44607.02121,45168.06697,689,62,101.7235012
44607.02121,45168.06697,690,62,101.7235012
44607.02121,45168.06697,691,62,101.7235012
44607.02121,45168.06697,692,62,101.7235012
44605.5862,45168.06697,693,62,101.7235012
44605.5862,45168.06697,694,62,101.7235012
44605.5862,45168.06697,695,62,101.7235012
44605.4427,45168.06697,696,62,101.7235012
44605.4427,45168.06697,697,62,101.7235012
44605.4427,45168.06697,698,62,101.7235012
44605.5862,45168.06697,699,62,101.7235012
44605.5862,45168.06697,700,62,101.7235012
44605.5862,45168.06697,701,62,101.7235012
44653.44339,44625.49789,702,62,103.5085051
44653.44341,44625.49789,703,62,103.5085051
44653.44341,44625.49789,704,62,103.5085051
44653.44341,44625.49789,705,62,103.5085051
44653.44341,44625.49789,706,62,103.5085051
44653.44341,44625.49789,707,62,103.5085051
44653.44339,44625.49789,708,62,103.5085051
44653.44341,44625.49789,709,62,103.5085051
44653.44341,44625.49789,710,62,103.5085051
44543.65719,45169.99771,711,62,97.41228986
44543.65719,45169.99771,712,62,97.41228986
44543.65719,45169.99771,713,62,97.41228986
44543.80069,45169.99771,714,62,97.41228986
44543.80069,45169.99771,715,62,97.41228986
44543.80069,45169.99771,716,62,97.41228986
44543.80069,45169.99771,717,62,97.41228986
44543.80069,45169.99771,718,62,97.41228986
44543.80069,45169.99771,719,62,97.41228986
44542.36568,45169.99771,720,62,97.41228986
44542.36568,45169.99771,721,62,97.41228986
44542.36568,45169.99771,722,62,97.41228986
44542.22217,45169.99771,723,62,97.41228986
44542.22217,45169.99771,724,62,97.41228986
44542.22217,45169.99771,725,62,97.41228986
44542.36568,45169.99771,726,62,97.41228986
44542.36568,45169.99771,727,62,97.41228986
44542.36568,45169.99771,728,62,97.41228986
