run,Final Value,Q1_0,Q2_0,Q3_0
720,44542.24184789113,0.0,56.9999999999979,13.533333333337177
721,44542.24184789113,0.0,56.9999999999979,13.533333333337177
723,44542.24184789113,0.0,56.9999999999979,0.0
726,44542.24184789113,0.0,56.9999999999979,13.533333333337177
727,44542.24184789113,0.0,56.9999999999979,13.533333333337177
722,44542.24184789139,0.0,56.9999999999979,0.0
724,44542.24184789139,0.0,56.9999999999979,0.0
725,44542.24184789139,0.0,56.9999999999979,0.0
728,44542.24184789139,0.0,56.9999999999979,0.0
711,44543.67692923049,0.0,56.9999999999979,0.0
714,44543.67692923049,0.0,56.9999999999979,0.0
717,44543.67692923049,0.0,56.9999999999979,0.0
712,44543.676929230496,0.0,56.9999999999979,0.0
718,44543.676929230496,0.0,56.9999999999979,0.0
719,44543.676929230496,0.0,56.9999999999979,0.0
713,44543.67692923075,0.0,56.9999999999979,0.0
715,44543.67692923075,0.0,56.9999999999979,0.0
716,44543.67692923075,0.0,56.9999999999979,0.0
693,44605.465229352325,0.0,56.9999999999979,13.06666666667051
699,44605.465229352325,0.0,56.9999999999979,13.06666666667051
694,44605.46522935233,0.0,56.9999999999979,13.06666666667051
696,44605.46522935233,0.0,56.9999999999979,0.0
700,44605.46522935233,0.0,56.9999999999979,13.06666666667051
695,44605.46522935259,0.0,56.9999999999979,13.06666666667051
698,44605.46522935259,0.0,56.9999999999979,0.0
701,44605.46522935259,0.0,56.9999999999979,13.06666666667051
697,44605.465229352594,0.0,56.9999999999979,0.0
684,44606.900310691686,0.0,56.9999999999979,13.06666666667051
690,44606.900310691686,0.0,56.9999999999979,13.06666666667051
685,44606.90031069169,0.0,56.9999999999979,13.06666666667051
687,44606.90031069169,0.0,56.9999999999979,0.0
691,44606.90031069169,0.0,56.9999999999979,13.06666666667051
692,44606.90031069169,0.0,56.9999999999979,13.06666666667051
686,44606.90031069195,0.0,56.9999999999979,13.06666666667051
688,44606.900310691955,0.0,56.9999999999979,0.0
689,44606.900310691955,0.0,56.9999999999979,0.0
477,44608.36914633526,0.0,57.9999999999979,0.0
478,44608.36914633526,0.0,57.9999999999979,0.0
480,44608.36914633526,0.0,57.9999999999979,0.0
483,44608.36914633526,0.0,57.9999999999979,0.0
484,44608.36914633526,0.0,57.9999999999979,0.0
639,44608.36914633526,0.0,56.9999999999979,0.0
640,44608.36914633526,0.0,56.9999999999979,0.0
642,44608.36914633526,0.0,56.9999999999979,0.0
645,44608.36914633526,0.0,56.9999999999979,0.0
646,44608.36914633526,0.0,56.9999999999979,0.0
479,44608.36914633551,0.0,57.9999999999979,0.0
482,44608.36914633551,0.0,57.9999999999979,0.0
485,44608.36914633551,0.0,57.9999999999979,0.0
481,44608.36914633552,0.0,57.9999999999979,0.0
641,44608.36914633552,0.0,56.9999999999979,0.0
643,44608.36914633552,0.0,56.9999999999979,0.0
644,44608.36914633552,0.0,56.9999999999979,0.0
647,44608.36914633552,0.0,56.9999999999979,0.0
468,44609.80422767462,0.0,57.9999999999979,0.0
474,44609.80422767462,0.0,57.9999999999979,0.0
469,44609.80422767463,0.0,57.9999999999979,0.0
475,44609.80422767463,0.0,57.9999999999979,0.0
476,44609.80422767463,0.0,57.9999999999979,0.0
630,44609.80422767463,0.0,56.9999999999979,0.0
631,44609.80422767463,0.0,56.9999999999979,0.0
636,44609.80422767463,0.0,56.9999999999979,0.0
637,44609.80422767463,0.0,56.9999999999979,0.0
638,44609.80422767463,0.0,56.9999999999979,0.0
471,44609.80422767473,0.0,57.9999999999979,0.0
633,44609.80422767481,0.0,56.9999999999979,0.0
470,44609.804227674875,0.0,57.9999999999979,0.0
473,44609.804227674875,0.0,57.9999999999979,0.0
632,44609.804227674875,0.0,56.9999999999979,0.0
634,44609.804227674875,0.0,56.9999999999979,0.0
635,44609.804227674875,0.0,56.9999999999979,0.0
472,44609.80422767489,0.0,57.9999999999979,0.0
705,44653.41254736878,0.0,56.9999999999979,13.533333333337188
702,44653.41254736879,0.0,56.9999999999979,13.533333333337177
708,44653.41254736879,0.0,56.9999999999979,13.533333333337177
703,44653.412547369044,0.0,56.9999999999979,13.533333333337177
704,44653.412547369044,0.0,56.9999999999979,13.533333333337177
709,44653.412547369044,0.0,56.9999999999979,13.533333333337177
710,44653.412547369044,0.0,56.9999999999979,13.533333333337177
706,44653.41254736905,0.0,56.9999999999979,13.533333333337172
707,44653.41254736905,0.0,56.9999999999979,13.533333333337172
450,44671.592527796456,0.0,57.9999999999979,0.0
451,44671.592527796456,0.0,57.9999999999979,0.0
456,44671.592527796456,0.0,57.9999999999979,0.0
457,44671.592527796456,0.0,57.9999999999979,0.0
458,44671.592527796456,0.0,57.9999999999979,0.0
612,44671.592527796456,0.0,56.9999999999979,12.600000000003844
615,44671.592527796456,0.0,56.9999999999979,0.0
618,44671.592527796456,0.0,56.9999999999979,12.600000000003844
613,44671.59252779646,0.0,56.9999999999979,12.600000000003844
619,44671.59252779646,0.0,56.9999999999979,12.600000000003844
620,44671.59252779646,0.0,56.9999999999979,12.600000000003844
453,44671.59252779647,0.0,57.9999999999979,0.0
452,44671.59252779672,0.0,57.9999999999979,0.0
454,44671.59252779672,0.0,57.9999999999979,0.0
455,44671.59252779672,0.0,57.9999999999979,0.0
614,44671.59252779672,0.0,56.9999999999979,12.600000000003844
616,44671.59252779672,0.0,56.9999999999979,0.0
617,44671.59252779672,0.0,56.9999999999979,0.0
441,44673.02760913582,0.0,57.9999999999979,0.0
442,44673.02760913582,0.0,57.9999999999979,0.0
443,44673.02760913582,0.0,57.9999999999979,0.0
447,44673.02760913582,0.0,57.9999999999979,0.0
448,44673.02760913582,0.0,57.9999999999979,0.0
449,44673.02760913582,0.0,57.9999999999979,0.0
444,44673.027609135825,0.0,57.9999999999979,0.0
603,44673.027609135825,0.0,56.9999999999979,12.600000000003844
604,44673.027609135825,0.0,56.9999999999979,12.600000000003844
605,44673.027609135825,0.0,56.9999999999979,12.600000000003844
606,44673.027609135825,0.0,56.9999999999979,0.0
609,44673.027609135825,0.0,56.9999999999979,12.600000000003844
610,44673.027609135825,0.0,56.9999999999979,12.600000000003844
611,44673.027609135825,0.0,56.9999999999979,12.600000000003844
607,44673.02760913608,0.0,56.9999999999979,0.0
608,44673.02760913608,0.0,56.9999999999979,0.0
445,44673.02760913609,0.0,57.9999999999979,0.0
446,44673.02760913609,0.0,57.9999999999979,0.0
396,44674.49644477939,0.0,57.9999999999979,0.0
397,44674.49644477939,0.0,57.9999999999979,0.0
399,44674.49644477939,0.0,57.9999999999979,0.0
402,44674.49644477939,0.0,57.9999999999979,0.0
403,44674.49644477939,0.0,57.9999999999979,0.0
404,44674.49644477939,0.0,57.9999999999979,0.0
398,44674.49644477965,0.0,57.9999999999979,0.0
400,44674.49644477965,0.0,57.9999999999979,0.0
401,44674.49644477965,0.0,57.9999999999979,0.0
387,44675.93152611875,0.0,57.9999999999979,12.600000000003838
388,44675.93152611875,0.0,57.9999999999979,0.0
389,44675.93152611875,0.0,57.9999999999979,0.0
390,44675.93152611875,0.0,57.9999999999979,0.0
393,44675.93152611875,0.0,57.9999999999979,12.600000000003838
394,44675.93152611875,0.0,57.9999999999979,0.0
395,44675.93152611875,0.0,57.9999999999979,0.0
391,44675.93152611901,0.0,57.9999999999979,0.0
392,44675.93152611901,0.0,57.9999999999979,0.0
675,44714.364245661665,0.0,56.9999999999979,13.06666666667051
678,44714.364245661665,0.0,56.9999999999979,13.066666666670507
681,44714.364245661665,0.0,56.9999999999979,13.06666666667051
682,44714.364245661665,0.0,56.9999999999979,13.06666666667051
679,44714.36424566171,0.0,56.9999999999979,13.066666666670498
676,44714.36424566193,0.0,56.9999999999979,13.06666666667051
677,44714.36424566193,0.0,56.9999999999979,13.06666666667051
680,44714.36424566193,0.0,56.9999999999979,13.066666666670526
683,44714.36424566193,0.0,56.9999999999979,13.06666666667051
621,44717.2681626446,0.0,56.9999999999979,13.066666666670505
627,44717.2681626446,0.0,56.9999999999979,13.066666666670498
624,44717.26816264461,0.0,56.9999999999979,13.06666666667051
628,44717.26816264461,0.0,56.9999999999979,13.066666666670498
622,44717.26816264486,0.0,56.9999999999979,13.066666666670498
623,44717.26816264486,0.0,56.9999999999979,13.066666666670498
625,44717.26816264486,0.0,56.9999999999979,13.066666666670505
626,44717.26816264486,0.0,56.9999999999979,13.066666666670505
629,44717.26816264486,0.0,56.9999999999979,13.066666666670498
459,44720.201118797355,0.0,57.9999999999979,13.066666666670498
465,44720.201118797355,0.0,57.9999999999979,13.066666666670498
466,44720.201118797355,0.0,57.9999999999979,13.066666666670498
462,44720.20111879737,0.0,57.9999999999979,13.066666666670518
460,44720.20111879762,0.0,57.9999999999979,13.066666666670498
461,44720.20111879762,0.0,57.9999999999979,13.066666666670498
463,44720.20111879762,0.0,57.9999999999979,13.06666666667051
464,44720.20111879762,0.0,57.9999999999979,13.066666666670523
467,44720.20111879762,0.0,57.9999999999979,13.066666666670498
369,44737.71982624059,0.0,57.9999999999979,0.0
372,44737.71982624059,0.0,57.9999999999979,0.0
375,44737.71982624059,0.0,57.9999999999979,0.0
370,44737.7198262406,0.0,57.9999999999979,0.0
371,44737.7198262406,0.0,57.9999999999979,0.0
376,44737.7198262406,0.0,57.9999999999979,0.0
377,44737.7198262406,0.0,57.9999999999979,0.0
373,44737.71982624085,0.0,57.9999999999979,0.0
374,44737.71982624085,0.0,57.9999999999979,0.0
360,44739.154907579956,0.0,57.9999999999979,12.133333333337172
361,44739.154907579956,0.0,57.9999999999979,12.133333333337172
362,44739.154907579956,0.0,57.9999999999979,12.133333333337172
363,44739.154907579956,0.0,57.9999999999979,0.0
366,44739.154907579956,0.0,57.9999999999979,12.133333333337172
367,44739.154907579956,0.0,57.9999999999979,12.133333333337172
368,44739.154907579956,0.0,57.9999999999979,12.133333333337172
364,44739.15490758021,0.0,57.9999999999979,0.0
365,44739.15490758021,0.0,57.9999999999979,0.0
599,44778.21986093748,0.0,56.9999999999979,12.600000000003844
594,44778.21986093749,0.0,114.99999999999517,12.600000000003831
597,44778.21986093749,0.0,56.9999999999979,12.600000000003835
598,44778.21986093749,0.0,172.99999999999173,12.600000000003858
600,44778.21986093749,0.0,114.99999999999514,12.600000000003844
601,44778.21986093749,0.0,114.99999999999515,12.600000000003838
595,44778.219860937745,0.0,56.9999999999979,12.600000000003831
596,44778.219860937745,0.0,56.9999999999979,12.600000000003831
602,44778.219860937745,0.0,56.9999999999979,12.600000000003831
432,44781.152817090246,0.0,57.9999999999979,12.600000000003844
435,44781.152817090246,0.0,57.9999999999979,12.600000000003844
438,44781.152817090246,0.0,57.9999999999979,12.600000000003844
439,44781.152817090246,0.0,57.9999999999979,12.600000000003844
436,44781.15281709028,0.0,57.9999999999979,12.600000000003844
433,44781.1528170905,0.0,57.9999999999979,12.600000000003844
434,44781.1528170905,0.0,57.9999999999979,12.600000000003844
437,44781.1528170905,0.0,57.9999999999979,12.600000000003844
440,44781.1528170905,0.0,57.9999999999979,12.600000000003844
381,44784.056734073165,0.0,57.9999999999979,12.600000000003844
383,44784.056734073165,0.0,57.9999999999979,12.600000000003847
378,44784.05673407317,0.0,115.99999999999517,12.600000000003831
384,44784.05673407317,0.0,115.99999999999517,12.600000000003831
382,44784.05673407318,1.2992781453898974e-14,172.99999999999176,12.600000000003831
385,44784.05673407318,0.0,57.9999999999979,12.600000000003838
379,44784.05673407344,0.0,57.9999999999979,12.600000000003838
380,44784.05673407344,0.0,57.9999999999979,12.600000000003838
386,44784.05673407344,0.0,57.9999999999979,12.600000000003838
351,44845.008432366056,0.0,57.9999999999979,12.133333333337172
352,44845.008432366056,0.0,115.99999999999515,12.133333333337172
354,44845.008432366056,0.0,57.9999999999979,12.133333333337173
357,44845.008432366056,0.0,57.9999999999979,12.133333333337172
358,44845.008432366056,0.0,115.99999999999515,12.133333333337172
353,44845.00843236632,0.0,57.9999999999979,12.133333333337172
356,44845.00843236632,0.0,57.9999999999979,12.133333333337172
359,44845.00843236632,0.0,57.9999999999979,12.133333333337172
355,44845.008432366325,0.0,57.9999999999979,12.133333333337172
668,46409.26381597074,1.2992781453898974e-14,56.9999999999979,0.0
671,46409.26381597074,0.0,56.9999999999979,0.0
674,46409.26381597074,1.2992781453898974e-14,56.9999999999979,0.0
662,46410.52387606842,0.0,56.9999999999979,0.0
659,46410.68955854449,0.0,56.9999999999979,0.0
665,46410.68955854449,0.0,56.9999999999979,0.0
428,46412.47741956206,0.0,57.9999999999979,0.0
590,46412.47741956207,0.0,56.9999999999979,0.0
425,46412.64310203811,0.0,57.9999999999979,0.0
431,46412.64310203811,0.0,57.9999999999979,0.0
587,46412.64310203811,0.0,56.9999999999979,0.0
593,46412.64310203811,0.0,56.9999999999979,0.0
419,46413.90316213632,0.0,57.9999999999979,0.0
581,46414.045736393746,0.0,56.9999999999979,0.0
416,46414.068844612375,0.0,57.9999999999979,0.0
422,46414.068844612375,0.0,57.9999999999979,0.0
578,46414.068844612375,0.0,56.9999999999979,0.0
584,46414.068844612375,0.0,56.9999999999979,0.0
670,46415.79951712247,0.0,56.9999999999979,0.0
347,46415.85670562995,0.0,57.9999999999979,0.0
673,46415.942091379635,0.0,56.9999999999979,0.0
667,46415.9420913799,0.0,56.9999999999979,0.0
344,46416.022388106016,0.0,57.9999999999979,0.0
350,46416.022388106016,0.0,57.9999999999979,0.0
669,46417.00344195732,0.0,56.9999999999979,0.0
666,46417.130328630985,0.0,56.9999999999979,0.0
672,46417.130328630985,0.0,56.9999999999979,0.0
661,46417.22525969674,0.0,56.9999999999979,0.0
658,46417.3678339539,0.0,56.9999999999979,0.0
664,46417.3678339539,0.0,56.9999999999979,0.0
338,46417.42502246163,0.0,57.9999999999979,0.0
335,46417.44813068104,0.0,57.99999999999792,0.0
341,46417.44813068104,0.0,57.99999999999792,0.0
660,46418.399195367645,1.2992781453898974e-14,56.9999999999979,0.0
657,46418.39919536765,0.0,56.9999999999979,0.0
663,46418.39919536765,0.0,56.9999999999979,0.0
427,46419.17880319037,1.2992781453898974e-14,57.9999999999979,0.0
589,46419.17880319037,0.0,56.9999999999979,0.0
424,46419.32137744753,1.2992781453898974e-14,57.9999999999979,0.0
430,46419.32137744753,1.2992781453898974e-14,57.9999999999979,0.0
586,46419.32137744753,0.0,56.9999999999979,0.0
592,46419.32137744753,0.0,56.9999999999979,0.0
423,46420.356961622674,0.0,57.9999999999979,0.0
426,46420.356961622674,0.0,57.9999999999979,0.0
429,46420.356961622674,0.0,57.9999999999979,0.0
585,46420.356961622674,0.0,56.9999999999979,0.0
588,46420.356961622674,0.0,56.9999999999979,0.0
591,46420.356961622674,0.0,56.9999999999979,0.0
580,46420.60454576462,0.0,56.9999999999979,0.0
418,46420.604545764625,1.2992781453898974e-14,57.9999999999979,0.0
415,46420.747120021784,1.2992781453898974e-14,57.9999999999979,0.0
421,46420.747120021784,1.2992781453898974e-14,57.9999999999979,0.0
577,46420.74712002179,0.0,56.9999999999979,0.0
583,46420.74712002179,0.0,56.9999999999979,0.0
576,46421.625828359334,1.2992781453898974e-14,56.9999999999979,0.0
579,46421.625828359334,0.0,56.9999999999979,0.0
582,46421.625828359334,1.2992781453898974e-14,56.9999999999979,0.0
414,46421.62582835934,0.0,57.9999999999979,0.0
417,46421.62582835934,0.0,57.9999999999979,0.0
420,46421.62582835934,0.0,57.9999999999979,0.0
346,46422.55808925826,1.2992781453898974e-14,57.9999999999979,0.0
343,46422.70066351542,1.2992781453898974e-14,57.9999999999979,0.0
349,46422.70066351542,1.2992781453898974e-14,57.9999999999979,0.0
342,46423.58359461436,0.0,57.9999999999979,0.0
345,46423.58359461436,0.0,57.9999999999979,0.0
348,46423.58359461436,0.0,57.9999999999979,0.0
340,46424.12640608968,1.2992781453898974e-14,57.9999999999979,0.0
337,46424.12640608994,0.0,57.9999999999979,0.0
334,46424.14951430909,0.0,57.9999999999979,0.0
333,46424.85246135103,0.0,57.9999999999979,0.0
336,46424.85246135103,0.0,57.9999999999979,0.0
339,46424.85246135103,0.0,57.9999999999979,0.0
653,46454.41637960448,0.0,56.9999999999979,0.0
656,46454.41637960448,0.0,56.9999999999979,0.0
650,46454.439487823634,1.2992781453898974e-14,56.9999999999979,0.0
649,46457.335277515645,0.0,56.9999999999979,0.0
652,46457.335277515645,0.0,56.9999999999979,0.0
655,46457.335277515645,0.0,56.9999999999979,0.0
648,46457.33527751565,1.2992781453898974e-14,56.9999999999979,0.0
651,46457.33527751565,1.2992781453898974e-14,56.9999999999979,0.0
654,46457.33527751565,1.2992781453898974e-14,56.9999999999979,0.0
572,46457.79566567238,0.0,56.9999999999979,0.0
575,46457.79566567238,0.0,56.9999999999979,0.0
569,46457.81877389152,1.2992781453898974e-14,56.9999999999979,0.0
567,46460.561910507335,1.2992781453898974e-14,56.9999999999979,0.0
568,46460.561910507335,0.0,56.9999999999979,0.0
570,46460.561910507335,1.2992781453898974e-14,56.9999999999979,0.0
571,46460.561910507335,0.0,56.9999999999979,0.0
573,46460.561910507335,1.2992781453898974e-14,56.9999999999979,0.0
574,46460.561910507335,0.0,56.9999999999979,0.0
407,46460.72862182513,0.0,57.9999999999979,0.0
410,46460.72862182513,0.0,57.9999999999979,0.0
413,46460.72862182513,0.0,57.9999999999979,0.0
405,46463.172150651335,0.0,57.9999999999979,0.0
408,46463.172150651335,0.0,57.9999999999979,0.0
411,46463.172150651335,0.0,57.9999999999979,0.0
406,46463.17215065134,1.2992781453898974e-14,57.9999999999979,0.0
409,46463.17215065134,1.2992781453898974e-14,57.9999999999979,0.0
412,46463.17215065134,1.2992781453898974e-14,57.9999999999979,0.0
329,46464.107907893034,0.0,57.9999999999979,0.0
332,46464.107907893034,0.0,57.9999999999979,0.0
326,46464.13101611219,0.0,57.9999999999979,0.0
324,46466.398783643024,0.0,57.9999999999979,0.0
325,46466.398783643024,1.2992781453898974e-14,57.9999999999979,0.0
327,46466.398783643024,0.0,57.9999999999979,0.0
328,46466.398783643024,1.2992781453898974e-14,57.9999999999979,0.0
330,46466.398783643024,0.0,57.9999999999979,0.0
331,46466.398783643024,1.2992781453898974e-14,57.9999999999979,0.0
540,46815.50732218098,2.598556290779795e-14,56.9999999999979,0.0
542,46815.50732218098,2.598556290779795e-14,56.9999999999979,0.0
543,46815.50732218098,2.598556290779795e-14,56.9999999999979,0.0
545,46815.50732218098,2.598556290779795e-14,56.9999999999979,0.0
546,46815.50732218098,2.598556290779795e-14,56.9999999999979,0.0
547,46815.50732218098,2.598556290779795e-14,56.9999999999979,0.0
548,46815.50732218098,2.598556290779795e-14,56.9999999999979,0.0
549,46815.50732218098,2.598556290779795e-14,56.9999999999979,0.0
550,46815.50732218098,2.598556290779795e-14,56.9999999999979,0.0
552,46815.50732218098,2.598556290779795e-14,56.9999999999979,0.0
553,46815.50732218098,2.598556290779795e-14,56.9999999999979,0.0
555,46815.50732218098,2.598556290779795e-14,56.9999999999979,0.0
556,46815.50732218098,2.598556290779795e-14,56.9999999999979,0.0
558,46815.50732218098,2.598556290779795e-14,56.9999999999979,0.0
559,46815.50732218098,2.598556290779795e-14,56.9999999999979,0.0
560,46815.50732218098,2.598556290779795e-14,56.9999999999979,0.0
561,46815.50732218098,2.598556290779795e-14,56.9999999999979,0.0
562,46815.50732218098,2.598556290779795e-14,56.9999999999979,0.0
563,46815.50732218098,2.598556290779795e-14,56.9999999999979,0.0
564,46815.50732218098,2.598556290779795e-14,56.9999999999979,0.0
565,46815.50732218098,2.598556290779795e-14,56.9999999999979,0.0
566,46815.50732218098,2.598556290779795e-14,56.9999999999979,0.0
544,46815.507322181234,2.598556290779795e-14,56.9999999999979,0.0
541,46815.50732218124,2.598556290779795e-14,56.9999999999979,0.0
551,46815.50732218124,2.598556290779795e-14,56.9999999999979,0.0
554,46815.50732218124,2.598556290779795e-14,56.9999999999979,0.0
557,46815.50732218124,2.598556290779795e-14,56.9999999999979,0.0
513,46815.98723094342,2.598556290779795e-14,56.9999999999979,0.0
515,46815.98723094342,2.598556290779795e-14,56.9999999999979,0.0
516,46815.98723094342,2.598556290779795e-14,56.9999999999979,0.0
518,46815.98723094342,2.598556290779795e-14,56.9999999999979,0.0
519,46815.98723094342,2.598556290779795e-14,56.9999999999979,0.0
520,46815.98723094342,2.598556290779795e-14,56.9999999999979,0.0
521,46815.98723094342,2.598556290779795e-14,56.9999999999979,0.0
522,46815.98723094342,2.598556290779795e-14,56.9999999999979,0.0
523,46815.98723094342,2.598556290779795e-14,56.9999999999979,0.0
524,46815.98723094342,2.598556290779795e-14,56.9999999999979,0.0
525,46815.98723094342,2.598556290779795e-14,56.9999999999979,0.0
526,46815.98723094342,2.598556290779795e-14,56.9999999999979,0.0
527,46815.98723094342,2.598556290779795e-14,56.9999999999979,0.0
528,46815.98723094342,2.598556290779795e-14,56.9999999999979,0.0
529,46815.98723094342,2.598556290779795e-14,56.9999999999979,0.0
530,46815.98723094342,2.598556290779795e-14,56.9999999999979,0.0
531,46815.98723094342,2.598556290779795e-14,56.9999999999979,0.0
532,46815.98723094342,2.598556290779795e-14,56.9999999999979,0.0
533,46815.98723094342,2.598556290779795e-14,56.9999999999979,0.0
534,46815.98723094342,2.598556290779795e-14,56.9999999999979,0.0
535,46815.98723094342,2.598556290779795e-14,56.9999999999979,0.0
536,46815.98723094342,2.598556290779795e-14,56.9999999999979,0.0
537,46815.98723094342,2.598556290779795e-14,56.9999999999979,0.0
538,46815.98723094342,2.598556290779795e-14,56.9999999999979,0.0
539,46815.98723094342,2.598556290779795e-14,56.9999999999979,0.0
517,46815.987230943676,2.598556290779795e-14,56.9999999999979,0.0
514,46815.98723094368,2.598556290779795e-14,56.9999999999979,0.0
297,46818.936012578306,0.0,57.9999999999979,0.0
299,46818.936012578306,0.0,57.9999999999979,0.0
300,46818.936012578306,0.0,57.9999999999979,0.0
302,46818.936012578306,0.0,57.9999999999979,0.0
303,46818.936012578306,0.0,57.9999999999979,0.0
304,46818.936012578306,0.0,57.9999999999979,0.0
305,46818.936012578306,0.0,57.9999999999979,0.0
306,46818.936012578306,0.0,57.9999999999979,0.0
307,46818.936012578306,0.0,57.9999999999979,0.0
308,46818.936012578306,0.0,57.9999999999979,0.0
309,46818.936012578306,0.0,57.9999999999979,0.0
310,46818.936012578306,0.0,57.9999999999979,0.0
311,46818.936012578306,0.0,57.9999999999979,0.0
312,46818.936012578306,0.0,57.9999999999979,0.0
313,46818.936012578306,0.0,57.9999999999979,0.0
314,46818.936012578306,0.0,57.9999999999979,0.0
315,46818.936012578306,0.0,57.9999999999979,0.0
316,46818.936012578306,0.0,57.9999999999979,0.0
317,46818.936012578306,0.0,57.9999999999979,0.0
318,46818.936012578306,0.0,57.9999999999979,0.0
319,46818.936012578306,0.0,57.9999999999979,0.0
320,46818.936012578306,0.0,57.9999999999979,0.0
321,46818.936012578306,0.0,57.9999999999979,0.0
322,46818.936012578306,0.0,57.9999999999979,0.0
323,46818.936012578306,0.0,57.9999999999979,0.0
298,46818.93601257857,0.0,57.9999999999979,0.0
301,46818.93601257857,0.0,57.9999999999979,0.0
270,46819.41592134075,0.0,57.9999999999979,0.0
273,46819.41592134075,0.0,57.9999999999979,0.0
276,46819.41592134075,0.0,57.9999999999979,0.0
279,46819.41592134075,0.0,57.9999999999979,0.0
282,46819.41592134075,0.0,57.9999999999979,0.0
285,46819.41592134075,0.0,57.9999999999979,0.0
288,46819.41592134075,0.0,57.9999999999979,0.0
291,46819.41592134075,0.0,57.9999999999979,0.0
294,46819.41592134075,0.0,57.9999999999979,0.0
271,46819.415921340755,0.0,57.9999999999979,0.0
272,46819.415921340755,0.0,57.9999999999979,0.0
275,46819.415921340755,0.0,57.9999999999979,0.0
277,46819.415921340755,0.0,57.9999999999979,0.0
278,46819.415921340755,0.0,57.9999999999979,0.0
280,46819.415921340755,0.0,57.9999999999979,0.0
283,46819.415921340755,0.0,57.9999999999979,0.0
286,46819.415921340755,0.0,57.9999999999979,0.0
289,46819.415921340755,0.0,57.9999999999979,0.0
290,46819.415921340755,0.0,57.9999999999979,0.0
292,46819.415921340755,0.0,57.9999999999979,0.0
293,46819.415921340755,0.0,57.9999999999979,0.0
295,46819.415921340755,0.0,57.9999999999979,0.0
296,46819.415921340755,0.0,57.9999999999979,0.0
274,46819.415921341,0.0,57.9999999999979,0.0
281,46819.41592134102,0.0,57.9999999999979,0.0
284,46819.41592134102,0.0,57.9999999999979,0.0
287,46819.41592134102,0.0,57.9999999999979,0.0
486,46822.03552682651,1.2992781453898974e-14,56.9999999999979,0.0
489,46822.03552682651,1.2992781453898974e-14,56.9999999999979,0.0
492,46822.03552682651,1.2992781453898974e-14,56.9999999999979,0.0
487,46822.035526826774,1.2992781453898974e-14,56.9999999999979,0.0
488,46822.035526826774,1.2992781453898974e-14,56.9999999999979,0.0
490,46822.035526826774,1.2992781453898974e-14,56.9999999999979,0.0
491,46822.035526826774,1.2992781453898974e-14,56.9999999999979,0.0
493,46822.035526826774,1.2992781453898974e-14,56.9999999999979,0.0
494,46822.035526826774,1.2992781453898974e-14,56.9999999999979,0.0
495,46822.035526826774,1.2992781453898974e-14,56.9999999999979,0.0
496,46822.035526826774,1.2992781453898974e-14,56.9999999999979,0.0
497,46822.035526826774,1.2992781453898974e-14,56.9999999999979,0.0
498,46822.035526826774,1.2992781453898974e-14,56.9999999999979,0.0
499,46822.035526826774,1.2992781453898974e-14,56.9999999999979,0.0
500,46822.035526826774,1.2992781453898974e-14,56.9999999999979,0.0
501,46822.035526826774,1.2992781453898974e-14,56.9999999999979,0.0
502,46822.035526826774,1.2992781453898974e-14,56.9999999999979,0.0
503,46822.035526826774,1.2992781453898974e-14,56.9999999999979,0.0
504,46822.035526826774,1.2992781453898974e-14,56.9999999999979,0.0
505,46822.035526826774,1.2992781453898974e-14,56.9999999999979,0.0
506,46822.035526826774,1.2992781453898974e-14,56.9999999999979,0.0
507,46822.035526826774,1.2992781453898974e-14,56.9999999999979,0.0
508,46822.035526826774,1.2992781453898974e-14,56.9999999999979,0.0
509,46822.035526826774,1.2992781453898974e-14,56.9999999999979,0.0
510,46822.035526826774,1.2992781453898974e-14,56.9999999999979,0.0
511,46822.035526826774,1.2992781453898974e-14,56.9999999999979,0.0
512,46822.035526826774,1.2992781453898974e-14,56.9999999999979,0.0
243,46824.97794556295,0.0,57.9999999999979,0.0
246,46824.97794556295,0.0,57.9999999999979,0.0
249,46824.97794556295,0.0,57.9999999999979,0.0
250,46824.97794556295,0.0,57.9999999999979,0.0
244,46824.97794556321,0.0,57.9999999999979,0.0
245,46824.97794556321,0.0,57.9999999999979,0.0
247,46824.97794556321,0.0,57.9999999999979,0.0
248,46824.97794556321,0.0,57.9999999999979,0.0
251,46824.97794556321,0.0,57.9999999999979,0.0
252,46824.97794556321,0.0,57.9999999999979,0.0
253,46824.97794556321,0.0,57.9999999999979,0.0
254,46824.97794556321,0.0,57.9999999999979,0.0
255,46824.97794556321,0.0,57.9999999999979,0.0
256,46824.97794556321,0.0,57.9999999999979,0.0
257,46824.97794556321,0.0,57.9999999999979,0.0
258,46824.97794556321,0.0,57.9999999999979,0.0
259,46824.97794556321,0.0,57.9999999999979,0.0
260,46824.97794556321,0.0,57.9999999999979,0.0
261,46824.97794556321,0.0,57.9999999999979,0.0
262,46824.97794556321,0.0,57.9999999999979,0.0
263,46824.97794556321,0.0,57.9999999999979,0.0
264,46824.97794556321,0.0,57.9999999999979,0.0
265,46824.97794556321,0.0,57.9999999999979,0.0
266,46824.97794556321,0.0,57.9999999999979,0.0
267,46824.97794556321,0.0,57.9999999999979,0.0
268,46824.97794556321,0.0,57.9999999999979,0.0
269,46824.97794556321,0.0,57.9999999999979,0.0
234,46992.58630506411,0.0,257.1428571428529,0.0
240,46992.58630506411,0.0,257.1428571428529,0.0
207,46992.58630506412,0.0,257.14285714285717,0.0
210,46992.58630506412,0.0,257.14285714285717,0.0
213,46992.58630506412,0.0,257.14285714285717,0.0
214,46992.58630506412,0.0,257.14285714285717,0.0
237,46992.58630506412,0.0,257.1428571428529,0.0
183,46992.58630506437,0.0,257.14285714285717,0.0
184,46992.58630506437,0.0,257.14285714285717,0.0
185,46992.58630506437,0.0,257.14285714285717,0.0
211,46992.58630506437,0.0,257.14285714285717,0.0
212,46992.58630506437,0.0,257.14285714285717,0.0
236,46992.58630506437,0.0,245.9999999999979,0.0
239,46992.58630506437,0.0,245.9999999999979,0.0
242,46992.58630506437,0.0,245.9999999999979,0.0
235,46992.586305064375,0.0,257.1428571428529,0.0
241,46992.586305064375,0.0,257.1428571428529,0.0
180,46992.58630506438,0.0,257.14285714285717,0.0
181,46992.58630506438,0.0,257.1428571428529,0.0
182,46992.58630506438,0.0,257.1428571428529,0.0
186,46992.58630506438,0.0,257.14285714285717,0.0
187,46992.58630506438,0.0,257.1428571428529,0.0
188,46992.58630506438,0.0,257.1428571428529,0.0
208,46992.58630506438,0.0,257.14285714285717,0.0
209,46992.58630506438,0.0,257.14285714285717,0.0
215,46992.58630506438,0.0,257.14285714285717,0.0
238,46992.58630506438,0.0,257.1428571428529,0.0
198,46994.012047638374,0.0,257.14285714285717,0.0
201,46994.012047638374,0.0,257.14285714285717,0.0
204,46994.012047638374,0.0,257.14285714285717,0.0
225,46994.012047638374,0.0,257.1428571428529,0.0
228,46994.012047638374,0.0,257.1428571428529,0.0
231,46994.012047638374,0.0,257.1428571428529,0.0
232,46994.012047638374,0.0,245.9999999999979,0.0
199,46994.01204763839,0.0,257.14285714285717,0.0
205,46994.01204763839,0.0,257.14285714285717,0.0
171,46994.01204763864,0.0,257.14285714285717,0.0
172,46994.01204763864,0.0,257.1428571428529,0.0
173,46994.01204763864,0.0,257.1428571428529,0.0
174,46994.01204763864,0.0,257.14285714285717,0.0
175,46994.01204763864,0.0,257.1428571428529,0.0
176,46994.01204763864,0.0,257.1428571428529,0.0
177,46994.01204763864,0.0,257.14285714285717,0.0
178,46994.01204763864,0.0,257.1428571428529,0.0
179,46994.01204763864,0.0,257.1428571428529,0.0
200,46994.01204763864,0.0,257.14285714285717,0.0
202,46994.01204763864,0.0,257.14285714285717,0.0
203,46994.01204763864,0.0,257.14285714285717,0.0
206,46994.01204763864,0.0,257.14285714285717,0.0
226,46994.01204763864,0.0,257.1428571428529,0.0
227,46994.01204763864,0.0,257.14285714285717,0.0
229,46994.01204763864,0.0,257.14285714285717,0.0
230,46994.01204763864,0.0,257.14285714285717,0.0
233,46994.01204763864,0.0,257.14285714285717,0.0
126,46995.49022204705,0.0,257.14285714285717,0.0
132,46995.49022204705,0.0,257.14285714285717,0.0
153,46995.49022204705,0.0,257.14285714285717,0.0
159,46995.49022204705,0.0,257.14285714285717,0.0
129,46995.490222047054,0.0,257.14285714285717,0.0
133,46995.490222047054,0.0,257.14285714285717,0.0
156,46995.490222047054,0.0,257.14285714285717,0.0
160,46995.490222047054,0.0,257.14285714285717,0.0
100,46995.4902220473,0.0,257.1428571428529,0.0
101,46995.4902220473,0.0,257.1428571428529,0.0
103,46995.4902220473,0.0,257.1428571428529,0.0
104,46995.4902220473,0.0,257.1428571428529,0.0
106,46995.4902220473,0.0,257.1428571428529,0.0
107,46995.4902220473,0.0,257.1428571428529,0.0
154,46995.49022204731,0.0,257.14285714285717,0.0
99,46995.490222047316,0.0,257.14285714285717,0.0
102,46995.490222047316,0.0,257.14285714285717,0.0
105,46995.490222047316,0.0,257.14285714285717,0.0
127,46995.490222047316,0.0,257.14285714285717,0.0
128,46995.490222047316,0.0,257.14285714285717,0.0
130,46995.490222047316,0.0,257.14285714285717,0.0
131,46995.490222047316,0.0,257.14285714285717,0.0
134,46995.490222047316,0.0,257.14285714285717,0.0
155,46995.490222047316,0.0,257.14285714285717,0.0
157,46995.490222047316,0.0,257.14285714285717,0.0
158,46995.490222047316,0.0,257.14285714285717,0.0
161,46995.490222047316,0.0,257.14285714285717,0.0
117,46996.91596462131,0.0,257.14285714285717,0.0
118,46996.91596462131,0.0,257.14285714285717,0.0
120,46996.91596462131,0.0,257.14285714285717,0.0
123,46996.91596462131,0.0,257.14285714285717,0.0
124,46996.91596462131,0.0,257.14285714285717,0.0
144,46996.91596462131,0.0,257.14285714285717,0.0
145,46996.91596462131,0.0,257.14285714285717,0.0
147,46996.91596462131,0.0,257.14285714285717,0.0
150,46996.91596462131,0.0,257.14285714285717,0.0
151,46996.91596462131,0.0,257.14285714285717,0.0
90,46996.91596462157,0.0,257.14285714285717,0.0
91,46996.91596462157,0.0,257.1428571428529,0.0
92,46996.91596462157,0.0,257.1428571428529,0.0
93,46996.91596462157,0.0,257.14285714285717,0.0
94,46996.91596462157,0.0,257.14285714285717,0.0
95,46996.91596462157,0.0,257.14285714285717,0.0
96,46996.91596462157,0.0,257.14285714285717,0.0
97,46996.91596462157,0.0,257.1428571428529,0.0
98,46996.91596462157,0.0,257.1428571428529,0.0
119,46996.91596462157,0.0,257.14285714285717,0.0
121,46996.91596462157,0.0,257.14285714285717,0.0
122,46996.91596462157,0.0,257.14285714285717,0.0
125,46996.91596462157,0.0,257.14285714285717,0.0
146,46996.91596462157,0.0,257.14285714285717,0.0
148,46996.91596462157,0.0,257.14285714285717,0.0
149,46996.91596462157,0.0,257.14285714285717,0.0
152,46996.91596462157,0.0,257.14285714285717,0.0
18,47067.99595877956,2.598556290779795e-14,246.0000000000021,0.0
19,47067.99595877956,2.598556290779795e-14,246.0000000000021,0.0
20,47067.99595877956,0.0,182.58506944444244,0.0
21,47067.99595877956,0.0,245.9,0.0
22,47067.99595877956,0.0,245.9,0.0
23,47067.99595877956,0.0,245.9,0.0
24,47067.99595877956,0.0,245.9,0.0
25,47067.99595877956,0.0,245.9,0.0
26,47067.99595877956,0.0,245.9,0.0
48,47067.99595877956,0.0,245.9,0.0
51,47067.99595877956,0.0,245.9,0.0
75,47067.99595877956,0.0,245.9,0.0
78,47067.99595877956,0.0,245.9,0.0
45,47067.995958779815,0.0,245.9999999999979,0.0
46,47067.99595877982,0.0,245.9,0.0
49,47067.99595877982,0.0,245.9,0.0
50,47067.99595877982,0.0,245.9,0.0
52,47067.99595877982,0.0,245.9,0.0
53,47067.99595877982,0.0,245.9,0.0
72,47067.99595877982,0.0,245.9,0.0
73,47067.99595877982,0.0,245.9,0.0
76,47067.99595877982,0.0,245.9,0.0
77,47067.99595877982,0.0,245.9,0.0
79,47067.99595877982,0.0,245.9,0.0
80,47067.99595877982,0.0,245.9,0.0
47,47067.99595877984,0.0,245.9999999999979,0.0
74,47067.99595877985,0.0,245.9,0.0
9,47069.421701353815,0.0,245.9,0.0
10,47069.421701353815,0.0,245.9,0.0
11,47069.421701353815,0.0,245.9,0.0
12,47069.421701353815,0.0,245.9,0.0
13,47069.421701353815,0.0,245.9,0.0
14,47069.421701353815,0.0,245.9,0.0
15,47069.421701353815,0.0,245.9,0.0
16,47069.421701353815,0.0,245.9,0.0
17,47069.421701353815,0.0,245.9,0.0
39,47069.421701353815,2.598556290779795e-14,245.9,0.0
42,47069.421701353815,2.598556290779795e-14,245.9,0.0
66,47069.421701353815,2.598556290779795e-14,245.9,0.0
69,47069.421701353815,2.598556290779795e-14,245.9,0.0
36,47069.42170135408,0.0,245.9,0.0
37,47069.42170135408,0.0,245.9,0.0
40,47069.42170135408,0.0,245.9,0.0
41,47069.42170135408,0.0,245.9,0.0
43,47069.42170135408,0.0,245.9,0.0
44,47069.42170135408,0.0,245.9,0.0
63,47069.42170135408,0.0,245.9,0.0
64,47069.42170135408,0.0,245.9,0.0
67,47069.42170135408,0.0,245.9,0.0
68,47069.42170135408,0.0,245.9,0.0
70,47069.42170135408,0.0,245.9,0.0
71,47069.42170135408,0.0,245.9,0.0
38,47069.421701354106,0.0,245.9,0.0
65,47069.421701354106,0.0,245.9,0.0
219,47262.05165159877,0.0,257.14285714285717,0.0
189,47262.05165159878,1.2992781453898974e-14,257.1428571428529,0.0
192,47262.05165159878,1.2992781453898974e-14,257.1428571428529,0.0
195,47262.05165159878,1.2992781453898974e-14,257.1428571428529,0.0
216,47262.05165159878,1.2992781453898974e-14,257.1428571428529,0.0
222,47262.05165159878,1.2992781453898974e-14,257.1428571428529,0.0
162,47262.051651599024,1.2992781453898974e-14,245.9999999999979,0.0
168,47262.051651599024,1.2992781453898974e-14,245.9999999999979,0.0
163,47262.05165159903,1.2992781453898974e-14,257.1428571428529,0.0
164,47262.05165159903,1.2992781453898974e-14,257.1428571428529,0.0
165,47262.05165159903,1.2992781453898974e-14,257.1428571428529,0.0
166,47262.05165159903,1.2992781453898974e-14,257.1428571428529,0.0
167,47262.05165159903,1.2992781453898974e-14,257.1428571428529,0.0
169,47262.05165159903,1.2992781453898974e-14,257.1428571428529,0.0
170,47262.05165159903,1.2992781453898974e-14,257.1428571428529,0.0
190,47262.05165159903,0.0,257.14285714285717,0.0
191,47262.05165159903,1.2992781453898974e-14,257.1428571428529,0.0
193,47262.05165159903,0.0,257.14285714285717,0.0
194,47262.05165159903,1.2992781453898974e-14,257.1428571428529,0.0
196,47262.05165159903,0.0,257.14285714285717,0.0
197,47262.05165159903,1.2992781453898974e-14,257.1428571428529,0.0
217,47262.05165159903,0.0,257.14285714285717,0.0
218,47262.05165159903,0.0,257.14285714285717,0.0
220,47262.05165159903,0.0,257.14285714285717,0.0
221,47262.05165159903,0.0,257.14285714285717,0.0
223,47262.05165159903,0.0,257.14285714285717,0.0
224,47262.05165159903,0.0,257.14285714285717,0.0
108,47264.95556858169,0.0,257.1428571428529,0.0
111,47264.95556858169,0.0,257.1428571428529,0.0
114,47264.95556858169,0.0,257.1428571428529,0.0
135,47264.95556858169,0.0,257.1428571428529,0.0
138,47264.95556858169,0.0,257.1428571428529,0.0
141,47264.95556858169,0.0,257.1428571428529,0.0
84,47264.955568581696,0.0,245.9999999999979,0.0
85,47264.955568581696,0.0,245.9999999999979,0.0
82,47264.95556858195,0.0,257.1428571428529,0.0
83,47264.95556858195,0.0,257.1428571428529,0.0
86,47264.95556858195,0.0,257.1428571428529,0.0
88,47264.95556858195,0.0,257.1428571428529,0.0
89,47264.95556858195,0.0,257.1428571428529,0.0
109,47264.95556858195,0.0,257.1428571428529,0.0
110,47264.95556858195,0.0,257.1428571428529,0.0
113,47264.95556858195,0.0,257.1428571428529,0.0
115,47264.95556858195,0.0,257.1428571428529,0.0
116,47264.95556858195,0.0,257.1428571428529,0.0
136,47264.95556858195,0.0,257.1428571428529,0.0
137,47264.95556858195,0.0,257.1428571428529,0.0
139,47264.95556858195,0.0,257.1428571428529,0.0
140,47264.95556858195,0.0,257.1428571428529,0.0
142,47264.95556858195,0.0,257.1428571428529,0.0
143,47264.95556858195,0.0,257.1428571428529,0.0
81,47264.95556858196,0.0,245.9999999999979,0.0
87,47264.95556858196,0.0,245.9999999999979,0.0
112,47264.955568581965,0.0,257.14285714285717,0.0
0,47337.46130531421,0.0,257.14285714285717,0.0
1,47337.46130531421,0.0,257.14285714285717,0.0
2,47337.46130531421,0.0,257.14285714285717,0.0
3,47337.46130531421,0.0,257.14285714285717,0.0
4,47337.46130531421,0.0,257.14285714285717,0.0
5,47337.46130531421,0.0,257.14285714285717,0.0
6,47337.46130531421,0.0,257.14285714285717,0.0
7,47337.46130531421,0.0,257.14285714285717,0.0
8,47337.46130531421,0.0,257.14285714285717,0.0
27,47337.46130531448,0.0,257.14285714285717,0.0
28,47337.46130531448,0.0,257.14285714285717,0.0
30,47337.46130531448,0.0,257.14285714285717,0.0
31,47337.46130531448,0.0,257.14285714285717,0.0
33,47337.46130531448,0.0,257.14285714285717,0.0
34,47337.46130531448,0.0,257.14285714285717,0.0
54,47337.46130531448,0.0,257.14285714285717,0.0
55,47337.46130531448,0.0,257.14285714285717,0.0
57,47337.46130531448,0.0,257.14285714285717,0.0
58,47337.46130531448,0.0,257.14285714285717,0.0
60,47337.46130531448,0.0,257.14285714285717,0.0
61,47337.46130531448,0.0,257.14285714285717,0.0
29,47337.4613053145,0.0,257.14285714285717,0.0
32,47337.4613053145,0.0,257.14285714285717,0.0
35,47337.4613053145,0.0,257.14285714285717,0.0
56,47337.4613053145,0.0,257.14285714285717,0.0
59,47337.4613053145,0.0,257.14285714285717,0.0
62,47337.4613053145,0.0,257.14285714285717,0.0
